paper_table,row_name,dataset,method,seeds,trainer,use_sam,env,how_to_reproduce,reference_runs,result_file_or_note,expected_metric,notes
tab:main_results,gamma=0 (purely local),CIFAR-10,FF gamma=0 L4 D256 bs512,42,trainers/cp_fair_cifar10.py,on,FF_GAMMA_SCALE=0 FF_BLOCK_CURR_LAMBDA=0 FF_DEPTH_ORDER_LAMBDA=0,FF_GAMMA_SCALE=0 FF_BLOCK_CURR_LAMBDA=0 FF_DEPTH_ORDER_LAMBDA=0 FF_SEED=42 python trainers/cp_fair_cifar10.py,42:amir-porjects/cifar_10_fair/making_v1_v4_fair_comparison/ablations/no_all_collab/runs/ff_cifar10_cifar10_cp_fair_clean_progressive_L4_D256_bs512_seed42_20260312_132043,metric_summaries/aggregated_results.json [c10_gamma0.42],s1_no_tta=90.52%; s1_tta=91.45%,"seed-42 config: block_curr_lambda=0 and depth_order_lambda=0 (seeds 123/456 use the defaults 0.25/0.2; erratum D7). run produced by the pre-locality-fix predecessor of this trainer (differs only by the no_grad around the prior-block gamma aggregation, which does not change parameters). Its checkpoint is not recoverable (RELEASE_CHECKPOINTS.md)."
tab:main_results,CP-FAIR,CIFAR-10,FF cp_fair L4 D256 bs512,42,trainers/cp_fair_cifar10.py,on,,FF_SEED=42 python trainers/cp_fair_cifar10.py (defaults match the CP-FAIR config: gamma_scale=0.7 + depth-scaled lambda_curr),42:amir-porjects/cifar_10_fair/making_v1_v4_fair_comparison/basic_fair_revised_valfix_cp_fair/runs/ff_cifar10_cifar10_cp_fair_clean_progressive_L4_D256_bs512_seed42_20260220_202035,generated by rerunning the trainer command (preds_*.npz not bundled),s1_no_tta=90.45%; s1_tta=91.36%; s2_tta=91.27%,"run produced by the pre-locality-fix predecessor of this trainer (differs only by the no_grad around the prior-block gamma aggregation, which does not change parameters)"
tab:main_results,Multi-Tech,CIFAR-10,FF atlas_ff L4 D256,42,trainers/cp_fair_cifar10.py,n/a (documented only),,(this row is the 10-technique synthesis; reproduced by editing the Config dataclass at the top of cp_fair_cifar10.py to enable triangle activation + multi-neg + diversity loss + per-block probes; config diff documented in analysis/component_ablation_README.md),,generated by rerunning the trainer command (preds_*.npz not bundled),s1_tta=91.22%,
tab:main_results,Greedy-Freeze (degenerate),CIFAR-10,FF freez_v1,42,(documented only; no trainer bundled),n/a (documented only),,(documented-only degenerate baseline),,(reported in the table for context only; not required for the central dissociation claim and not reproduced by the bundled trainers),s1_tta=87.17%,
tab:bp_ff_ablation,Plain CNN + BP (n=3),CIFAR-10,Plain CNN + BP,42;123;456,trainers/bp_original/plain_cnn_bp_cifar10.py,n/a (stock AdamW),,for s in 42 123 456; do python trainers/bp_original/plain_cnn_bp_cifar10.py --seed $s; done (run from a directory that contains data_c10/),,metric_summaries/camera_ready/bp_calibration.json [rows.plain_cnn_bp],test_top1 (no TTA)=90.08±0.28% (per seed 89.86/89.98/90.39),"original run scripts (seed 42 = the submitted run; seeds 123/456 = rebuttal runs); pass --seed explicitly (the argparse default 42 overrides FF_SEED). trainers/bp_control.py is a compact re-implementation, not the producing script."
tab:bp_ff_ablation,Plain CNN + FF (co-design control) (n=3),CIFAR-10,Plain CNN + FF (co-design control),42;123;456,trainers/bp_original/plain_cnn_ff_cifar10.py,n/a (stock AdamW),,for s in 42 123 456; do python trainers/bp_original/plain_cnn_ff_cifar10.py --seed $s; done (run from a directory that contains data_c10/),,metric_summaries/camera_ready/bp_calibration.json [rows.plain_cnn_ff],test_top1 (no TTA)=29.85±0.50% (per seed 29.41/29.75/30.39),"original run scripts (seed 42 = the submitted run; seeds 123/456 = rebuttal runs); pass --seed explicitly (the argparse default 42 overrides FF_SEED). trainers/bp_control.py is a compact re-implementation, not the producing script."
tab:bp_ff_ablation,FF backbone (stripped) + BP weak aug (n=3),CIFAR-10,"FF backbone (stripped) + BP, weak (simple) augmentation",42;123;456,trainers/bp_original/ff_backbone_stripped_bp_cifar10.py,n/a (stock AdamW),,for s in 42 123 456; do python trainers/bp_original/ff_backbone_stripped_bp_cifar10.py --seed $s; done (run from a directory that contains data_c10/),,metric_summaries/camera_ready/bp_calibration.json [rows.bp_weak],test_top1 (no TTA)=87.43±0.62% (per seed 86.90/87.29/88.11),"original run scripts (seed 42 = the submitted run; seeds 123/456 = rebuttal runs); pass --seed explicitly (the argparse default 42 overrides FF_SEED). trainers/bp_control.py is a compact re-implementation, not the producing script. 5,539,530 parameters (5.54 M)."
tab:bp_ff_ablation,FF backbone (stripped) + BP strong aug (n=3),CIFAR-10,"FF backbone (stripped) + BP, strong augmentation",42;123;456,trainers/bp_original/ff_backbone_stripped_bp_strongaug_cifar10.py,n/a (stock AdamW),,for s in 42 123 456; do python trainers/bp_original/ff_backbone_stripped_bp_strongaug_cifar10.py --seed $s; done (run from a directory that contains data_c10/),,metric_summaries/camera_ready/bp_calibration.json [rows.bp_strong],test_top1 (no TTA)=93.85±0.18% (per seed 93.90/94.00/93.65),"original run scripts (seed 42 = the submitted run; seeds 123/456 = rebuttal runs); pass --seed explicitly (the argparse default 42 overrides FF_SEED). trainers/bp_control.py is a compact re-implementation, not the producing script. 5,539,530 parameters (5.54 M)."
tab:bp_ff_ablation,FF backbone + FF,CIFAR-10,FF on the stripped co-designed backbone,42,"(original script ff_backbone_stripped_cifar10.py; not bundled, available on request)",n/a,,(original run script; not bundled),42:amir-porjects/cifar_10_fair/making_v1_v4_fair_comparison/ff_backbone_stripped/runs_ff_backbone_stripped/ff_backbone_stripped_cifar10_L4_D256_P2_seed42_20260306_153106,final_metrics.json of the reference run,"test_top1=89.03% (6,737,636 parameters)",v1 manifest pointed this row at cp_fair_cifar10.py; the value comes from the stripped-backbone FF run
tab:freeriding,gamma=0,CIFAR-10,FF gamma=0 L4 D256,42,trainers/cp_fair_cifar10.py,on,FF_GAMMA_SCALE=0 FF_BLOCK_CURR_LAMBDA=0 FF_DEPTH_ORDER_LAMBDA=0,FF_GAMMA_SCALE=0 FF_BLOCK_CURR_LAMBDA=0 FF_DEPTH_ORDER_LAMBDA=0 FF_SEED=42 python trainers/cp_fair_cifar10.py,42:amir-porjects/cifar_10_fair/making_v1_v4_fair_comparison/ablations/no_all_collab/runs/ff_cifar10_cifar10_cp_fair_clean_progressive_L4_D256_bs512_seed42_20260312_132043,(per-layer dump from <run>/layer_metrics.jsonl after the run completes),"sep_curr_nl_L0..L3=2.30,2.89,3.18,3.28","run produced by the pre-locality-fix predecessor of this trainer (differs only by the no_grad around the prior-block gamma aggregation, which does not change parameters)"
tab:freeriding,CP-FAIR,CIFAR-10,FF CP-FAIR L4 D256,42,trainers/cp_fair_cifar10.py,on,,FF_SEED=42 python trainers/cp_fair_cifar10.py (defaults are the CP-FAIR config),42:amir-porjects/cifar_10_fair/making_v1_v4_fair_comparison/basic_fair_revised_valfix_cp_fair/runs/ff_cifar10_cifar10_cp_fair_clean_progressive_L4_D256_bs512_seed42_20260220_202035,(per-layer dump from <run>/layer_metrics.jsonl),"sep_curr_nl_L0..L3=2.30,3.35,1.57,0.61","run produced by the pre-locality-fix predecessor of this trainer (differs only by the no_grad around the prior-block gamma aggregation, which does not change parameters)"
tab:freeriding,LCFF,CIFAR-10,FF LCFF L4 D256,42,trainers/cp_fair_cifar10.py,on,FF_GAMMA_SCALE=1.0 FF_BLOCK_CURR_LAMBDA=0 FF_DEPTH_ORDER_LAMBDA=0,FF_GAMMA_SCALE=1.0 FF_BLOCK_CURR_LAMBDA=0 FF_DEPTH_ORDER_LAMBDA=0 FF_SEED=42 python trainers/cp_fair_cifar10.py,42:amir-porjects/cifar_10_fair/making_v1_v4_fair_comparison/ablations/lcff_prefix/runs/ff_cifar10_cifar10_cp_fair_ablation_lcff_prefix_L4_D256_bs512_seed42_20260312_132019,"(per-layer dump from <run>/layer_metrics.jsonl; the completed run, not the aborted _20260311_120438 start)","sep_curr_nl_L0..L3=2.32,1.02,0.94,0.70","v1 command omitted FF_DEPTH_ORDER_LAMBDA=0 (the run's config has depth_order_lambda=0). The run's config also records block_curr_depth_slope=0, which is inert with block_curr_lambda=0 (no environment hook). run produced by the pre-locality-fix predecessor of this trainer (differs only by the no_grad around the prior-block gamma aggregation, which does not change parameters)"
tab:dissociation_full,gamma=0.7 constant L4 D128 (single seed),CIFAR-10,"FF gated-ablation arm baseline_constant, L4/D128, 180+10 epochs",42,trainers/cp_fair_hardness_gated.py,off,FF_GAMMA_GATING_MODE=constant FF_GAMMA_SCALE=0.7 FF_USE_SAM=0,FF_VERSION_TAG=baseline_constant FF_GAMMA_GATING_MODE=constant FF_GAMMA_SCALE=0.7 FF_USE_SAM=0 FF_SEED=42 python trainers/cp_fair_hardness_gated.py,42:amir-porjects/cifar_10_fair/making_v1_v4_fair_comparison/basic_fair_revised_valfix_cp_fair_hardness_gated/ff_gated_ablation/runs/ff_cifar10_baseline_constant_L4_D128_bs512_seed42_20260313_232043,metric_summaries/camera_ready/d_errata_values.json [runs.l4_const_s42.test],S1=86.18%; S1-TTA=87.25%; S2=86.40%; S2-TTA=87.42%,"SAM off (all gated-ablation seed-42 arms). The gated trainer defaults to adaptive kappa=0, tau=1 with SAM on, so SAM and (for constant-gamma arms) the gating mode must be set explicitly. run produced by the pre-locality-fix predecessor of this trainer (differs only by the no_grad around the prior-block gamma aggregation, which does not change parameters)"
tab:dissociation_full,gamma=0 (block-local) L4 D128 (single seed),CIFAR-10,"FF gated-ablation arm no_all_collab, L4/D128, 180+10 epochs",42,trainers/cp_fair_hardness_gated.py,off,FF_GAMMA_GATING_MODE=constant FF_GAMMA_SCALE=0 FF_BLOCK_CURR_LAMBDA=0 FF_DEPTH_ORDER_LAMBDA=0 FF_USE_SAM=0,FF_VERSION_TAG=no_all_collab FF_GAMMA_GATING_MODE=constant FF_GAMMA_SCALE=0 FF_BLOCK_CURR_LAMBDA=0 FF_DEPTH_ORDER_LAMBDA=0 FF_USE_SAM=0 FF_SEED=42 python trainers/cp_fair_hardness_gated.py,42:amir-porjects/cifar_10_fair/making_v1_v4_fair_comparison/basic_fair_revised_valfix_cp_fair_hardness_gated/ff_gated_ablation/runs/ff_cifar10_no_all_collab_L4_D128_bs512_seed42_20260315_124117,metric_summaries/camera_ready/d_errata_values.json [runs.l4_g0_s42.test],S1=85.75%; S1-TTA=86.87%; S2=86.25%; S2-TTA=87.21%,"SAM off (all gated-ablation seed-42 arms). The gated trainer defaults to adaptive kappa=0, tau=1 with SAM on, so SAM and (for constant-gamma arms) the gating mode must be set explicitly. run produced by the pre-locality-fix predecessor of this trainer (differs only by the no_grad around the prior-block gamma aggregation, which does not change parameters)"
tab:dissociation_full,kappa=0 tau=1 adaptive L4 D128 (single seed),CIFAR-10,"FF gated-ablation arm adaptive_t1_k0, L4/D128, 180+10 epochs",42,trainers/cp_fair_hardness_gated.py,off,FF_USE_SAM=0,FF_VERSION_TAG=adaptive_t1_k0 FF_USE_SAM=0 FF_SEED=42 python trainers/cp_fair_hardness_gated.py,42:amir-porjects/cifar_10_fair/making_v1_v4_fair_comparison/basic_fair_revised_valfix_cp_fair_hardness_gated/ff_gated_ablation/runs/ff_cifar10_adaptive_t1_k0_L4_D128_bs512_seed42_20260314_032410,metric_summaries/camera_ready/d_errata_values.json [runs.l4_k0_s42.test],S1=85.86%; S1-TTA=86.81%; S2=86.35%; S2-TTA=87.27%,"SAM off (all gated-ablation seed-42 arms). The gated trainer defaults to adaptive kappa=0, tau=1 with SAM on, so SAM and (for constant-gamma arms) the gating mode must be set explicitly. run produced by the pre-locality-fix predecessor of this trainer (differs only by the no_grad around the prior-block gamma aggregation, which does not change parameters). v1 printed a Stage-1 value as this row's accuracy (erratum D1)"
tab:dissociation_full,LCFF L4 D128 (single seed),CIFAR-10,"FF gated-ablation arm lcff_prefix, L4/D128, 180+10 epochs",42,trainers/cp_fair_hardness_gated.py,off,FF_GAMMA_GATING_MODE=constant FF_GAMMA_SCALE=1.0 FF_BLOCK_CURR_LAMBDA=0 FF_DEPTH_ORDER_LAMBDA=0 FF_USE_SAM=0,FF_VERSION_TAG=lcff_prefix FF_GAMMA_GATING_MODE=constant FF_GAMMA_SCALE=1.0 FF_BLOCK_CURR_LAMBDA=0 FF_DEPTH_ORDER_LAMBDA=0 FF_USE_SAM=0 FF_SEED=42 python trainers/cp_fair_hardness_gated.py,42:amir-porjects/cifar_10_fair/making_v1_v4_fair_comparison/basic_fair_revised_valfix_cp_fair_hardness_gated/ff_gated_ablation/runs/ff_cifar10_lcff_prefix_L4_D128_bs512_seed42_20260315_084228,metric_summaries/camera_ready/d_errata_values.json [runs.l4_lcff_s42.test],S1=85.80%; S1-TTA=86.83%; S2=85.89%; S2-TTA=86.84%,"SAM off (all gated-ablation seed-42 arms). The gated trainer defaults to adaptive kappa=0, tau=1 with SAM on, so SAM and (for constant-gamma arms) the gating mode must be set explicitly. run produced by the pre-locality-fix predecessor of this trainer (differs only by the no_grad around the prior-block gamma aggregation, which does not change parameters). v1 printed a Stage-1 value as this row's accuracy (erratum D1)"
tab:multiseed,CP-FAIR (n=4),CIFAR-10,FF CP-FAIR L4 D256,42;123;456;789,trainers/cp_fair_cifar10.py,on,,for s in 42 123 456 789; do FF_SEED=$s python trainers/cp_fair_cifar10.py; done; then re-run analysis/aggregate_multiseed.py,42:amir-porjects/cifar_10_fair/making_v1_v4_fair_comparison/basic_fair_revised_valfix_cp_fair/runs/ff_cifar10_cifar10_cp_fair_clean_progressive_L4_D256_bs512_seed42_20260220_202035; 123:amir-porjects/cifar_10_fair/making_v1_v4_fair_comparison/basic_fair_revised_valfix_cp_fair/runs_seed123/ff_cifar10_cifar10_cp_fair_clean_progressive_seed123_L4_D256_bs512_seed123_20260320_001527; 456:amir-porjects/cifar_10_fair/making_v1_v4_fair_comparison/basic_fair_revised_valfix_cp_fair/runs_seed456/ff_cifar10_cifar10_cp_fair_clean_progressive_seed456_L4_D256_bs512_seed456_20260327_080127; 789:amir-porjects/cifar_10_fair/making_v1_v4_fair_comparison/basic_fair_revised_valfix_cp_fair/runs_seed789/ff_cifar10_cifar10_cp_fair_clean_progressive_seed789_L4_D256_bs512_seed789_20260330_064018,metric_summaries/aggregated_results.json [c10_cp_fair]; prediction files generated by rerunning,S1_no_tta=90.36±0.18%; S1_tta=91.33±0.07%; S2_no_tta=90.40±0.16%; S2_tta=91.28±0.11%,"sample SD; v1 printed the S1 no-TTA SD as 0.17 (0.177, erratum D11). run produced by the pre-locality-fix predecessor of this trainer (differs only by the no_grad around the prior-block gamma aggregation, which does not change parameters)"
tab:gamma0_multiseed,gamma=0 (n=3),CIFAR-10,FF gamma=0 L4 D256,42;123;456,trainers/cp_fair_cifar10.py,on,FF_GAMMA_SCALE=0 | @42 FF_BLOCK_CURR_LAMBDA=0 FF_DEPTH_ORDER_LAMBDA=0,FF_GAMMA_SCALE=0 FF_BLOCK_CURR_LAMBDA=0 FF_DEPTH_ORDER_LAMBDA=0 FF_SEED=42 python trainers/cp_fair_cifar10.py; for s in 123 456; do FF_GAMMA_SCALE=0 FF_SEED=$s python trainers/cp_fair_cifar10.py; done,42:amir-porjects/cifar_10_fair/making_v1_v4_fair_comparison/ablations/no_all_collab/runs/ff_cifar10_cifar10_cp_fair_clean_progressive_L4_D256_bs512_seed42_20260312_132043; 123:amir-porjects/cifar_10_fair/making_v1_v4_fair_comparison/revised_training/out/gamma0_seed123/runs/ff_cifar10_cifar10_gamma0_seed123_L4_D256_bs512_seed123_20260417_235110; 456:amir-porjects/cifar_10_fair/making_v1_v4_fair_comparison/revised_training/out/gamma0_seed456/runs/ff_cifar10_cifar10_gamma0_seed456_L4_D256_bs512_seed456_20260422_135437,metric_summaries/aggregated_results.json [c10_gamma0]; metric_summaries/camera_ready/d_errata_values.json [aggregates.D4_c10_g0_n3],S1_no_tta=90.50±0.05%; S1_tta=91.32±0.19%; S2_no_tta=90.44±0.07%; S2_tta=91.37±0.15%,"the seeds mix two configurations (erratum D7): seed 42 block_curr_lambda=0, depth_order_lambda=0; seeds 123/456 0.25/0.2. S2 is n=3 (erratum D4). Seeds 123/456 were trained by the v1 trainer file; seed 42 by its pre-locality-fix predecessor. A matched seed-42 rerun is planned (F2 row)."
tab:gated_k0_multiseed,L4/D128 kappa=0 (n=3),CIFAR-10,FF adaptive kappa=0 tau=1 L4 D128,42;123;456,trainers/cp_fair_hardness_gated.py,mixed: seed 42 off; seeds 123/456 on,| @42 FF_USE_SAM=0,FF_VERSION_TAG=adaptive_t1_k0 FF_USE_SAM=0 FF_SEED=42 python trainers/cp_fair_hardness_gated.py; for s in 123 456; do FF_VERSION_TAG=cifar10_gated_k0_seed$s FF_SEED=$s python trainers/cp_fair_hardness_gated.py; done,42:amir-porjects/cifar_10_fair/making_v1_v4_fair_comparison/basic_fair_revised_valfix_cp_fair_hardness_gated/ff_gated_ablation/runs/ff_cifar10_adaptive_t1_k0_L4_D128_bs512_seed42_20260314_032410; 123:amir-porjects/cifar_10_fair/making_v1_v4_fair_comparison/revised_training/extracted/ff_cifar10_gated_multiseed/runs_gated_k0_seed123/ff_cifar10_cifar10_gated_k0_seed123_L4_D128_bs512_seed123_20260426_071309; 456:amir-porjects/cifar_10_fair/making_v1_v4_fair_comparison/revised_training/extracted/ff_cifar10_gated_multiseed/runs_gated_k0_seed456/ff_cifar10_cifar10_gated_k0_seed456_L4_D128_bs512_seed456_20260426_150234,metric_summaries/aggregated_gated_l4d128.json (corrected); metric_summaries/camera_ready/d_errata_values.json [aggregates.D1_l4_k0_n3],S1_no_tta=85.76±0.18%; S1_tta=86.78±0.15%; S2_no_tta=86.07±0.27%; S2_tta=87.15±0.17%,errata D1 (v1 printed 86.69±0.72 using a Stage-1 value for seed 42; the rebuttal's ±0.14 was a population SD) and D13 (SAM differs across seeds). Seeds 123/456 were trained by the v1 trainer file; seed 42 by its pre-locality-fix predecessor.
tab:gated_k0_multiseed,L8/D128 kappa=0 (n=3),CIFAR-10,FF adaptive kappa=0 tau=1 L8 D128,42;123;456,trainers/cp_fair_hardness_gated.py,off,FF_NUM_BLOCKS=8 FF_USE_SAM=0,for s in 42 123 456; do FF_NUM_BLOCKS=8 FF_USE_SAM=0 FF_SEED=$s python trainers/cp_fair_hardness_gated.py; done,42:amir-porjects/cifar_10_fair/making_v1_v4_fair_comparison/basic_fair_revised_valfix_cp_fair/ff_gated_ablation_L8/runs/ff_cifar10_adaptive_t1_k0_L8_L8_D128_bs512_seed42_20260315_201449; 123:amir-porjects/cifar_10_fair/making_v1_v4_fair_comparison/revised_training/extracted/ff_cifar10_l8_gated_multiseed/runs_gated_k0_L8_seed123/ff_cifar10_cifar10_gated_k0_L8_seed123_L8_D128_bs512_seed123_20260427_041411; 456:amir-porjects/cifar_10_fair/making_v1_v4_fair_comparison/revised_training/extracted/ff_cifar10_l8_gated_multiseed/runs_gated_k0_L8_seed456/ff_cifar10_cifar10_gated_k0_L8_seed456_L8_D128_bs512_seed456_20260427_114056,metric_summaries/camera_ready/e6_l8_k0_s42.json [n3_with_seed42_test]; analysis/experiments/e6_l8/,S1_no_tta=85.76±0.16%; S1_tta=86.87±0.24%; S2_no_tta=86.24±0.29%; S2_tta=87.12±0.35%,seed 42 had no logged test evaluation; its test values were computed post hoc on CPU from its selected checkpoints (available on request; E6; the recomputed validation differs from the logged one by 2 of 5000 examples). The v1 row used seed 42's validation value (erratum D2).
tab:cifar100_multiseed,gamma=0.7 baseline (n=3),CIFAR-100,FF gamma=0.7 L4 D256 bs256 (32-expert MoE),42;123;456,trainers/cp_fair_cifar100.py,off (seeds 123/456 configs; seed-42 config not retained),FF_USE_SAM=0,for s in 42 123 456; do FF_USE_SAM=0 FF_SEED=$s python trainers/cp_fair_cifar100.py; done,,generated by rerunning the trainer command (preds_*.npz not bundled),S1_no_tta=65.00±0.52%; S1_tta=66.22±0.57%; S2_no_tta=65.34±0.29%; S2_tta=66.77±0.27%,"values carried over from v1; the seed-42 run directory is not retained locally, so this aggregate was not re-derived in the camera-ready pass (seeds 123/456 configs record use_sam=false). v1 command omitted FF_USE_SAM=0 (the trainer default is SAM on)."
tab:cifar100_dissociation_multiseed,"gamma=0 (n=3, no-MoE refined)",CIFAR-100,"FF gamma=0 L4 D256 bs256 (dense, no SAM)",42;123;456,trainers/cp_fair_cifar100.py,off,FF_NUM_BLOCKS=4 FF_D_MODEL=256 FF_NUM_HEADS=8 FF_EPOCHS_STAGE1=362 FF_USE_SAM=0 FF_N_EXPERTS=1 FF_MOE_TOP_K=1 FF_GAMMA_SCALE=0,for s in 42 123 456; do FF_VERSION_TAG=cifar100_gamma0_seed$s FF_NUM_BLOCKS=4 FF_D_MODEL=256 FF_NUM_HEADS=8 FF_EPOCHS_STAGE1=362 FF_USE_SAM=0 FF_N_EXPERTS=1 FF_MOE_TOP_K=1 FF_GAMMA_SCALE=0 FF_SEED=$s python trainers/cp_fair_cifar100.py; done,42:amir-porjects/cifar_10_fair/making_v1_v4_fair_comparison/revised_training/extracted/ff_cifar100_multiseed/runs_gamma0_seed42/ff_cifar100_cifar100_gamma0_seed42_L4_D256_bs256_seed42_20260420_101044; 123:amir-porjects/cifar_10_fair/making_v1_v4_fair_comparison/revised_training/extracted/ff_cifar100_multiseed/runs_gamma0_seed123/ff_cifar100_cifar100_gamma0_seed123_L4_D256_bs256_seed123_20260421_124316; 456:amir-porjects/cifar_10_fair/making_v1_v4_fair_comparison/revised_training/extracted/ff_cifar100_multiseed/runs_gamma0_seed456/ff_cifar100_cifar100_gamma0_seed456_L4_D256_bs256_seed456_20260422_142245,metric_summaries/camera_ready/c100_trio.json [variants.gamma0]; S2-TTA prediction files bundled in preds_cifar100/,sep_curr_nl=4.78±0.02; S1=66.37±0.20%; S1-TTA=66.93±0.14%; S2=68.54±0.25%; S2-TTA=69.23±0.34%,sample SD; sep = last-Stage-1-epoch training sep^cur_nl of the deepest block
tab:cifar100_dissociation_multiseed,"kappa=0 adaptive (n=3, no-MoE refined)",CIFAR-100,"FF kappa=0 adaptive L4 D256 bs256 (dense, no SAM)",42;123;456,trainers/cp_fair_cifar100.py,off,FF_NUM_BLOCKS=4 FF_D_MODEL=256 FF_NUM_HEADS=8 FF_EPOCHS_STAGE1=362 FF_USE_SAM=0 FF_N_EXPERTS=1 FF_MOE_TOP_K=1 FF_GAMMA_GATING_MODE=adaptive FF_GAMMA_0=0.7 FF_GAMMA_KAPPA=0.0 FF_GAMMA_TAU=1.0,for s in 42 123 456; do FF_VERSION_TAG=cifar100_gated_k0_seed$s FF_NUM_BLOCKS=4 FF_D_MODEL=256 FF_NUM_HEADS=8 FF_EPOCHS_STAGE1=362 FF_USE_SAM=0 FF_N_EXPERTS=1 FF_MOE_TOP_K=1 FF_GAMMA_GATING_MODE=adaptive FF_GAMMA_0=0.7 FF_GAMMA_KAPPA=0.0 FF_GAMMA_TAU=1.0 FF_SEED=$s python trainers/cp_fair_cifar100.py; done,42:amir-porjects/cifar_10_fair/making_v1_v4_fair_comparison/revised_training/extracted/ff_cifar100_multiseed/runs_gated_k0_seed42/ff_cifar100_cifar100_gated_k0_seed42_L4_D256_bs256_seed42_20260422_185437; 123:amir-porjects/cifar_10_fair/making_v1_v4_fair_comparison/revised_training/extracted/ff_cifar100_multiseed/runs_gated_k0_seed123/ff_cifar100_cifar100_gated_k0_seed123_L4_D256_bs256_seed123_20260423_150626; 456:amir-porjects/cifar_10_fair/making_v1_v4_fair_comparison/revised_training/extracted/ff_cifar100_multiseed/runs_gated_k0_seed456/ff_cifar100_cifar100_gated_k0_seed456_L4_D256_bs256_seed456_20260424_153513,metric_summaries/camera_ready/c100_trio.json [variants.gated_k0]; S2-TTA prediction files bundled in preds_cifar100/,sep_curr_nl=1.71±0.01; S1=66.35±0.41%; S1-TTA=67.35±0.66%; S2=68.44±0.51%; S2-TTA=69.07±0.61%,sample SD; sep = last-Stage-1-epoch training sep^cur_nl of the deepest block
tab:cifar100_dissociation_multiseed,"cumulative (n=3, no-MoE refined)",CIFAR-100,"FF cumulative L4 D256 bs256 (dense, no SAM)",42;123;456,trainers/cp_fair_cifar100.py,off,FF_NUM_BLOCKS=4 FF_D_MODEL=256 FF_NUM_HEADS=8 FF_EPOCHS_STAGE1=362 FF_USE_SAM=0 FF_N_EXPERTS=1 FF_MOE_TOP_K=1 FF_GAMMA_SCALE=0.7,for s in 42 123 456; do FF_VERSION_TAG=cifar100_cumulative_seed$s FF_NUM_BLOCKS=4 FF_D_MODEL=256 FF_NUM_HEADS=8 FF_EPOCHS_STAGE1=362 FF_USE_SAM=0 FF_N_EXPERTS=1 FF_MOE_TOP_K=1 FF_GAMMA_SCALE=0.7 FF_SEED=$s python trainers/cp_fair_cifar100.py; done,42:amir-porjects/cifar_10_fair/making_v1_v4_fair_comparison/revised_training/extracted/ff_cifar100_multiseed/runs_cumulative_seed42/ff_cifar100_cifar100_cumulative_seed42_L4_D256_bs256_seed42_20260418_032149; 123:amir-porjects/cifar_10_fair/making_v1_v4_fair_comparison/revised_training/extracted/ff_cifar100_multiseed/runs_cumulative_seed123/ff_cifar100_cifar100_cumulative_seed123_L4_D256_bs256_seed123_20260419_010632; 456:amir-porjects/cifar_10_fair/making_v1_v4_fair_comparison/revised_training/extracted/ff_cifar100_multiseed/runs_cumulative_seed456/ff_cifar100_cifar100_cumulative_seed456_L4_D256_bs256_seed456_20260420_051234,metric_summaries/camera_ready/c100_trio.json [variants.cumulative]; S2-TTA prediction files bundled in preds_cifar100/,sep_curr_nl=0.96±0.01; S1=66.78±0.28%; S1-TTA=67.41±0.35%; S2=68.51±0.51%; S2-TTA=68.96±0.43%,sample SD; sep = last-Stage-1-epoch training sep^cur_nl of the deepest block
tab:tiny_imagenet_multiseed,gamma=0 (n=3 top-1 / top-5),Tiny ImageNet (200 cls),FF gamma=0 L4 D256 dense bs256,42;123;456,trainers/cp_fair_tiny_imagenet.py,off,,"for s in 42 123 456; do FF_SEED=$s python trainers/cp_fair_tiny_imagenet.py; done (defaults match the reported run: D256, 8 heads, dense MLP, no SAM, no depth ordering, HNM k=20-40, gamma=0)",,generated by rerunning the trainer command (preds_*.npz not bundled),S1_top1_tta=49.09±0.39%; S2_top1_tta=52.32±0.34%; S2_top5_tta=77.06±0.12%,'test' is the labeled official validation set (Tiny ImageNet test labels are not public). v1 row was malformed CSV (unquoted commas). Run directories are named cp_fair but record gamma_scale=0.
tab:hnm_ksweep,k=4 (best),CIFAR-10,HNM k-sweep,42,trainers/cp_fair_cifar10.py,on,FF_K_FIRST=4 FF_K_LAST=4,FF_K_FIRST=4 FF_K_LAST=4 FF_SEED=42 python trainers/cp_fair_cifar10.py (k-sweep summary in analysis/component_ablation_README.md),,generated by rerunning the trainer command (preds_*.npz not bundled),S2_tta=91.43%,
tab:aspect_ema_ablation,Proto alignment only,CIFAR-10,aspect isolation (per-aspect lambda override; 4 slots kept),42,trainers/cp_fair_cifar10.py,on,,"set aspect_lambdas = [1.5, 0.0, 0.0, 0.0] in FFConfig.__post_init__ of trainers/cp_fair_cifar10.py (no env hook; n_aspects stays 4), then FF_SEED=42 python trainers/cp_fair_cifar10.py",,events.jsonl final_test_eval in ff_aspect_ema_ablation-20260416T115425Z-3-019.zip :: runs_aspect0_proto_only,S1_tta=91.16%; S2_no_tta=90.17%; S2_tta=90.97%,"v1 listed an 'energy-only' row reproduced with FF_N_ASPECTS=1; that setting keeps only aspect 0 (prototype alignment), not energy (erratum P22). The isolation rows zero the other aspects' weights instead. run produced by the pre-locality-fix predecessor of this trainer (differs only by the no_grad around the prior-block gamma aggregation, which does not change parameters)"
tab:aspect_ema_ablation,Energy (rank) only,CIFAR-10,aspect isolation (per-aspect lambda override; 4 slots kept),42,trainers/cp_fair_cifar10.py,on,,"set aspect_lambdas = [0.0, 0.2, 0.0, 0.0] in FFConfig.__post_init__ of trainers/cp_fair_cifar10.py (no env hook; n_aspects stays 4), then FF_SEED=42 python trainers/cp_fair_cifar10.py",,events.jsonl final_test_eval in ff_aspect_ema_ablation-20260416T115425Z-3-019.zip :: runs_aspect1_energy_only,S1_tta=91.13%; S2_no_tta=90.14%; S2_tta=91.51%,"v1 listed an 'energy-only' row reproduced with FF_N_ASPECTS=1; that setting keeps only aspect 0 (prototype alignment), not energy (erratum P22). The isolation rows zero the other aspects' weights instead. run produced by the pre-locality-fix predecessor of this trainer (differs only by the no_grad around the prior-block gamma aggregation, which does not change parameters)"
tab:aspect_ema_ablation,No aspect loss (attention-sharpness slot only; zero with memory off),CIFAR-10,aspect isolation (per-aspect lambda override; 4 slots kept),42,trainers/cp_fair_cifar10.py,on,,"set aspect_lambdas = [0.0, 0.0, 0.3, 0.0] in FFConfig.__post_init__ of trainers/cp_fair_cifar10.py (no env hook; n_aspects stays 4), then FF_SEED=42 python trainers/cp_fair_cifar10.py",,events.jsonl final_test_eval in ff_aspect_ema_ablation-20260416T115425Z-3-019.zip :: runs_aspect2_attn_only,S1_tta=91.09%; S2_no_tta=90.33%; S2_tta=91.26%,"v1 listed an 'energy-only' row reproduced with FF_N_ASPECTS=1; that setting keeps only aspect 0 (prototype alignment), not energy (erratum P22). The isolation rows zero the other aspects' weights instead. run produced by the pre-locality-fix predecessor of this trainer (differs only by the no_grad around the prior-block gamma aggregation, which does not change parameters)"
tab:aspect_ema_ablation,Learned head only,CIFAR-10,aspect isolation (per-aspect lambda override; 4 slots kept),42,trainers/cp_fair_cifar10.py,on,,"set aspect_lambdas = [0.0, 0.0, 0.0, 0.3] in FFConfig.__post_init__ of trainers/cp_fair_cifar10.py (no env hook; n_aspects stays 4), then FF_SEED=42 python trainers/cp_fair_cifar10.py",,events.jsonl final_test_eval in ff_aspect_ema_ablation-20260416T115425Z-3-019.zip :: runs_aspect3_learned_only,S1_tta=91.34%; S2_no_tta=90.51%; S2_tta=91.33%,"v1 listed an 'energy-only' row reproduced with FF_N_ASPECTS=1; that setting keeps only aspect 0 (prototype alignment), not energy (erratum P22). The isolation rows zero the other aspects' weights instead. run produced by the pre-locality-fix predecessor of this trainer (differs only by the no_grad around the prior-block gamma aggregation, which does not change parameters)"
tab:component_ablation,leave-one-out (8 components),CIFAR-10,component LOO ablation,42,trainers/cp_fair_cifar10.py,on (except the no-SAM row),,(each row drops one component flag; full env-var combinations in analysis/component_ablation_README.md; the 1-aspect row is FF_N_ASPECTS=1 = prototype alignment only),,generated by rerunning the trainer command (preds_*.npz not bundled),"max effect: HNM -0.45pp, multi-aspect -0.41pp",
tab:text_domain_full,IMDb / 20NG / AG-News (n=3 each),text classification,FF text-domain,42;43;44,trainers/cp_fair_text_domain.py,off,,for DS in imdb 20news agnews; do for s in 42 43 44; do FF_TEXT_DATASET=$DS FF_SEED=$s python trainers/cp_fair_text_domain.py; done; done (frozen bert-base-uncased pooler -> 768->256 projection -> L4 D256 FF blocks; reuses cp_fair_cifar10 stage-1/2 loops),,dataset_aggregates.json in the text-domain run archive (CP_FAIR_TEXT export),IMDb=87.25±0.15%; 20NG=62.66±0.24%; AGNews=93.36±0.07%,"seeds are 42/43/44 (v1 listed 42/123/456). All 9 archived run configs record use_sam=false. Stage-2 test top-1, mean ± sample SD."
tab:freeriding,grad attenuation Fig 2,CIFAR-10,gradient attenuation snapshot,42,analysis/snapshot_grad_attenuation.py,off (gated-ablation checkpoints),,python analysis/snapshot_grad_attenuation.py (loads three trained CIFAR-10 checkpoints; renders via plot_grad_attenuation.py); EMA-weight recomputation: analysis/experiments/e3_fd/,,metric_summaries/grad_attenuation_data.json; metric_summaries/camera_ready/e3_fd_ema.json,"per-block dl/dm for gamma in {0,0.7,1.0}",
tab:dissociation_merged,trio paired bootstrap CIs (S2-TTA column; also tab:trio_perseed),CIFAR-100,paired stats over gamma=0/kappa=0/cumulative,42;123;456,analysis/paired_dissociation_stats.py,off (trio),,python analysis/paired_dissociation_stats.py (reads per-seed preds_stage2_test_tta.npz from each variant; computes paired bootstrap CIs and disagreement rates),,metric_summaries/camera_ready/c100_trio_paired.json,all 95% CIs straddle 0; disagreement rate ~13% per pair,"reads the bundled CIFAR-100 S2-TTA prediction files (preds_cifar100/, 30 MB) and reproduces the S2-TTA entries of c100_trio_paired.json exactly; the S1/S1-TTA/S2 columns need the full prediction sets, regenerated from the checkpoints (seed-42 Stage-1 public; the others on request; RELEASE_CHECKPOINTS.md)"
tab:mgc_full,"MGC c0=1, CIFAR-100 L4/D256 (n=3)",CIFAR-100,missing-gradient compensation (replaces the depth-scaled current-block term),42;123;456,trainers/cp_fair_cifar100.py,off,FF_USE_MGC=1 FF_MGC_C0=1.0 FF_N_EXPERTS=1 FF_MOE_TOP_K=1 FF_USE_SAM=0 FF_NUM_HEADS=8 FF_GAMMA_GATING_MODE=constant FF_GAMMA_SCALE=0.7,for s in 42 123 456; do FF_VERSION_TAG=mgc_c100 FF_USE_MGC=1 FF_MGC_C0=1.0 FF_N_EXPERTS=1 FF_MOE_TOP_K=1 FF_USE_SAM=0 FF_NUM_HEADS=8 FF_GAMMA_GATING_MODE=constant FF_GAMMA_SCALE=0.7 FF_SEED=$s python trainers/cp_fair_cifar100.py; done,42:amir-porjects/cifar_10_fair/making_v1_v4_fair_comparison/mgc_rebuttal/from_colab/runs_from_colab/ff_cifar100_mgc_c100_L4_D256_bs256_seed42_20260724_220559; 123:amir-porjects/cifar_10_fair/making_v1_v4_fair_comparison/mgc_rebuttal/from_colab/runs_from_colab/ff_cifar100_mgc_c100_L4_D256_bs256_seed123_20260724_191009; 456:amir-porjects/cifar_10_fair/making_v1_v4_fair_comparison/mgc_rebuttal/from_colab/runs_from_colab/ff_cifar100_mgc_c100_L4_D256_bs256_seed456_20260725_194446,metric_summaries/camera_ready/mgc_c100.json [mgc],S1=65.73±0.35%; S1-TTA=66.58±0.25%; S2=68.24±0.51%; S2-TTA=69.09±0.27%; sep_curr_nl_deepest=5.61±0.04,Colab A100 runs. Seed 456 was resumed: its layer/epoch logs start at Stage-1 epoch 192 (final evaluation complete). Rebuttal trainer mgc_c100_trainer.py = this file with FF_USE_MGC=1 (tests/test_equiv_cp_fair_cifar100.py).
tab:mgc_full,"MGC c0=1, CIFAR-10 L4/D128 (n=3)",CIFAR-10,missing-gradient compensation (replaces the depth-scaled current-block term),42;123;456,trainers/cp_fair_hardness_gated.py,on,FF_USE_MGC=1 FF_MGC_C0=1.0 FF_MGC_RHO=0.0 FF_GAMMA_GATING_MODE=constant FF_GAMMA_SCALE=0.7,for s in 42 123 456; do FF_VERSION_TAG=mgc_c1 FF_USE_MGC=1 FF_MGC_C0=1.0 FF_MGC_RHO=0.0 FF_GAMMA_GATING_MODE=constant FF_GAMMA_SCALE=0.7 FF_SEED=$s python trainers/cp_fair_hardness_gated.py; done,42:amir-porjects/cifar_10_fair/making_v1_v4_fair_comparison/mgc_rebuttal/runs/ff_cifar10_mgc_c1_L4_D128_bs512_seed42_20260723_223516; 123:amir-porjects/cifar_10_fair/making_v1_v4_fair_comparison/mgc_rebuttal/from_colab/runs_from_colab/ff_cifar10_mgc_c1_L4_D128_bs512_seed123_20260723_205123; 456:amir-porjects/cifar_10_fair/making_v1_v4_fair_comparison/mgc_rebuttal/from_colab/runs_from_colab/ff_cifar10_mgc_c1_L4_D128_bs512_seed456_20260724_053002,metric_summaries/camera_ready/mgc_d128.json [mgc],S1=85.45±0.37%; S1-TTA=86.87±0.23%; S2=86.07±0.38%; S2-TTA=87.27±0.29%; sep_curr_nl_deepest=5.25±0.05,"seed 42 = local DGX GB10 run, seeds 123/456 = Colab A100. SAM on, whereas the seed-42 gated-ablation anchors ran with SAM off: every MGC-D128 vs anchor comparison crosses the SAM setting (erratum D13). Rebuttal trainer mgc_trainer.py = this file with FF_USE_MGC=1 (tests/test_equiv_cp_fair_hardness_gated.py)."
tab:hinge,"squared hinge, cumulative gamma=0.7 (n=3)",CIFAR-10,"squared-hinge block barrier max(0, 2 - sep)^2, L4/D128, 180+10 epochs",42;123;456,trainers/cp_fair_hardness_gated.py,on,FF_BARRIER_TYPE=sq_hinge FF_BARRIER_MARGIN=2.0 FF_GAMMA_GATING_MODE=constant FF_GAMMA_SCALE=0.7,for s in 42 123 456; do FF_VERSION_TAG=hinge_g07 FF_BARRIER_TYPE=sq_hinge FF_BARRIER_MARGIN=2.0 FF_GAMMA_GATING_MODE=constant FF_GAMMA_SCALE=0.7 FF_SEED=$s python trainers/cp_fair_hardness_gated.py; done,42:amir-porjects/cifar_10_fair/making_v1_v4_fair_comparison/mgc_rebuttal/from_colab/runs_from_colab/ff_cifar10_hinge_g07_L4_D128_bs512_seed42_20260723_214017; 123:amir-porjects/cifar_10_fair/making_v1_v4_fair_comparison/mgc_rebuttal/from_colab/runs_from_colab/ff_cifar10_hinge_g07_L4_D128_bs512_seed123_20260724_191321; 456:amir-porjects/cifar_10_fair/making_v1_v4_fair_comparison/mgc_rebuttal/from_colab/runs_from_colab/ff_cifar10_hinge_g07_L4_D128_bs512_seed456_20260725_194352,metric_summaries/camera_ready/hinge.json [arms.gamma0.7],S1=85.54±0.29%; S1-TTA=86.85±0.26%; S2=85.94±0.27%; S2-TTA=87.08±0.10%; sep_L0=2.55±0.02; sep_L3=1.67±0.02,all three seeds (seed 42 included) come from the Colab lineage; the DGX seed-42 hinge runs were aborted and are not used. Seed 456's layer log is a resumed suffix starting at epoch 171. Rebuttal trainer hinge_trainer.py = this file with FF_BARRIER_TYPE=sq_hinge.
tab:hinge,"squared hinge, block-local gamma=0 (n=3)",CIFAR-10,"squared-hinge block barrier max(0, 2 - sep)^2, L4/D128, 180+10 epochs",42;123;456,trainers/cp_fair_hardness_gated.py,on,FF_BARRIER_TYPE=sq_hinge FF_BARRIER_MARGIN=2.0 FF_GAMMA_GATING_MODE=constant FF_GAMMA_SCALE=0.0,for s in 42 123 456; do FF_VERSION_TAG=hinge_g0 FF_BARRIER_TYPE=sq_hinge FF_BARRIER_MARGIN=2.0 FF_GAMMA_GATING_MODE=constant FF_GAMMA_SCALE=0.0 FF_SEED=$s python trainers/cp_fair_hardness_gated.py; done,42:amir-porjects/cifar_10_fair/making_v1_v4_fair_comparison/mgc_rebuttal/from_colab/runs_from_colab/ff_cifar10_hinge_g0_L4_D128_bs512_seed42_20260724_063123; 123:amir-porjects/cifar_10_fair/making_v1_v4_fair_comparison/mgc_rebuttal/from_colab/runs_from_colab/ff_cifar10_hinge_g0_L4_D128_bs512_seed123_20260725_035433; 456:amir-porjects/cifar_10_fair/making_v1_v4_fair_comparison/mgc_rebuttal/from_colab/runs_from_colab/ff_cifar10_hinge_g0_L4_D128_bs512_seed456_20260725_210209,metric_summaries/camera_ready/hinge.json [arms.gamma0],S1=85.57±0.29%; S1-TTA=86.69±0.34%; S2=85.83±0.43%; S2-TTA=86.93±0.33%; sep_L0=2.54±0.06; sep_L3=4.44±0.17,all three seeds (seed 42 included) come from the Colab lineage; the DGX seed-42 hinge runs were aborted and are not used. Rebuttal trainer hinge_trainer.py = this file with FF_BARRIER_TYPE=sq_hinge.
tab:readouts,"strict-FF readout block (S2-FF), block alone",CIFAR-100,"one extra FF block on the frozen Stage-1 backbone (single crop, all-100-hypothesis scoring)",42 (trio); 42;123;456 (MGC),analysis/readouts/s2ff_readout.py,off (trio / MGC-C100 backbones),,python analysis/readouts/s2ff_readout.py --trainer trainers/cp_fair_cifar100.py --ckpt <stage1_best.pt> --config <run>/config.json --events <run>/events.jsonl --out <out>.json --epochs 30,,metric_summaries/camera_ready/s2ff_mgc.json,gamma0_s42=61.86%; gated_k0_s42=62.60%; cumulative_s42=62.76%; mgc_s42=64.07%; mgc_3seed=63.95±0.19%,backbones: EMA stage1_best of the trio seed-42 runs and of the three MGC-C100 runs (seed-42 files public on Hugging Face; MGC seeds 123/456 on request). The rebuttal runs used mgc_c100_trainer.py as --trainer; cp_fair_cifar100.py builds the identical network. Each readout run reproduces the logged S1 within 0.01 pp.
tab:readouts,"CE-trained readout block (S2-FF-CE), block alone",CIFAR-100,"one extra FF block on the frozen Stage-1 backbone (single crop, all-100-hypothesis scoring)",42 (trio); 42;123;456 (MGC),analysis/readouts/s2ff_ce_readout.py,off (trio / MGC-C100 backbones),,python analysis/readouts/s2ff_ce_readout.py --trainer trainers/cp_fair_cifar100.py --ckpt <stage1_best.pt> --config <run>/config.json --events <run>/events.jsonl --out <out>.json --epochs 30,,metric_summaries/camera_ready/s2ff_mgc.json,gamma0_s42=62.13%; gated_k0_s42=62.87%; cumulative_s42=62.74%; mgc_s42=64.47%; mgc_3seed=64.22±0.31%,backbones: EMA stage1_best of the trio seed-42 runs and of the three MGC-C100 runs (seed-42 files public on Hugging Face; MGC seeds 123/456 on request). The rebuttal runs used mgc_c100_trainer.py as --trainer; cp_fair_cifar100.py builds the identical network. Each readout run reproduces the logged S1 within 0.01 pp.
(planned) MGC block-0 control,"F1 arm b: cumulative, current-block auxiliary removed",CIFAR-10,"L4/D128, 180+10 epochs",42;123;456,trainers/cp_fair_hardness_gated.py,on,FF_GAMMA_GATING_MODE=constant FF_GAMMA_SCALE=0.7 FF_MGC_C0=1.0 FF_MGC_RHO=0.0 FF_USE_SAM=1 FF_USE_MGC=0 FF_CURR_AUX_OFF=1,for s in 42 123 456; do FF_VERSION_TAG=f1b_cum_noaux FF_GAMMA_GATING_MODE=constant FF_GAMMA_SCALE=0.7 FF_MGC_C0=1.0 FF_MGC_RHO=0.0 FF_USE_SAM=1 FF_USE_MGC=0 FF_CURR_AUX_OFF=1 FF_SEED=$s python trainers/cp_fair_hardness_gated.py; done,,(planned; not yet run),(planned; not yet run),controls whether MGC's block-0 change (losing the 0.25 auxiliary) or the compensation drives the MGC result
(planned) MGC block-0 control,F1 arm c: MGC with block 0's auxiliary kept,CIFAR-10,"L4/D128, 180+10 epochs",42;123;456,trainers/cp_fair_hardness_gated.py,on,FF_GAMMA_GATING_MODE=constant FF_GAMMA_SCALE=0.7 FF_MGC_C0=1.0 FF_MGC_RHO=0.0 FF_USE_SAM=1 FF_USE_MGC=1 FF_MGC_KEEP_L0_AUX=1,for s in 42 123 456; do FF_VERSION_TAG=f1c_mgc_keepl0 FF_GAMMA_GATING_MODE=constant FF_GAMMA_SCALE=0.7 FF_MGC_C0=1.0 FF_MGC_RHO=0.0 FF_USE_SAM=1 FF_USE_MGC=1 FF_MGC_KEEP_L0_AUX=1 FF_SEED=$s python trainers/cp_fair_hardness_gated.py; done,,(planned; not yet run),(planned; not yet run),pairs with the MGC-D128 row; the flags reproduce the F1 fork bitwise (tests/test_equiv_cp_fair_hardness_gated.py)
(planned) tab:gamma0_multiseed,F2: CIFAR-10 gamma=0 seed 42 in the seed-123/456 configuration,CIFAR-10,"FF gamma=0 L4 D256, 362+20 epochs",42,trainers/cp_fair_cifar10.py,on,FF_GAMMA_SCALE=0,FF_VERSION_TAG=cifar10_gamma0_seed42 FF_GAMMA_SCALE=0 FF_SEED=42 python trainers/cp_fair_cifar10.py,,(planned; not yet run),(planned; not yet run),removes the D7 configuration mix; RNG state is saved in every checkpoint so a resumed run continues its RNG streams
